,email,date_of_birth,mobile_no,first_name,last_name,above_18,membership_id
0,Patty_Smith@ross.com,19750827,59428759,Patty,Smith,True,Smith_c7677
1,Richard_Estrada@malone.com,19921015,22821527,Richard,Estrada,True,Estrada_0bf5b
2,Allen_Williams@sanchez.net,19970911,77991519,Allen,Williams,True,Williams_e4ce1
3,Eric_Flores@dillon-patterson.com,19820107,36641663,Eric,Flores,True,Flores_f6828
4,Taylor_Gomez@johnston.com,19821022,24007567,Taylor,Gomez,True,Gomez_876bf
5,Jeremy_Rodriguez@roth.com,19780828,32567967,Jeremy,Rodriguez,True,Rodriguez_93ac7
6,April_Garcia@hall.com,19871231,24650447,April,Garcia,True,Garcia_26b55
7,Sharon_Garza@duran.com,20020830,59411567,Sharon,Garza,True,Garza_40199
8,Lori_Sanchez@hardin-warner.net,19980420,76989167,Lori,Sanchez,True,Sanchez_364a7
9,Jason_Armstrong@curtis.com,19921116,68514503,Jason,Armstrong,True,Armstrong_e2fb8
10,Arthur_Hall@gonzalez.com,19940311,65493407,Arthur,Hall,True,Hall_5eccd
11,Sherry_Meza@west.com,19970409,33491119,Sherry,Meza,True,Meza_5bcfa
12,Matthew_Turner@martinez.com,19940707,73291455,Matthew,Turner,True,Turner_0303a
13,Samuel_Thompson@sanchez-carroll.com,19840304,99063183,Samuel,Thompson,True,Thompson_8382b
14,Zachary_Lee@smith.com,19870407,36447751,Zachary,Lee,True,Lee_f3d6e
15,Gabriella_Anthony@castro.com,19970601,89108943,Gabriella,Anthony,True,Anthony_7e815
16,Kelly_Guerrero@riggs.com,19970302,53052583,Kelly,Guerrero,True,Guerrero_f1280
17,Shawn_Galloway@johnston.com,19850419,17471367,Shawn,Galloway,True,Galloway_1a4d2
18,Dennis_Sanford@lopez-archer.com,19800608,88084407,Dennis,Sanford,True,Sanford_44e44
19,Amanda_Murphy@bright-gibbs.net,20000730,30501351,Amanda,Murphy,True,Murphy_0851c
20,Bobby_Martin@jackson.com,20000331,43871143,Bobby,Martin,True,Martin_35f44
21,William_Taylor@warner-morgan.net,19860131,42996791,William,Taylor,True,Taylor_4fbc5
22,James_Rhodes@green.com,19771010,27465295,James,Rhodes,True,Rhodes_df266
23,Ryan_Ramirez@pham.com,19850425,67907071,Ryan,Ramirez,True,Ramirez_5ff32
24,Susan_Williams@rowland.com,19761205,95688383,Susan,Williams,True,Williams_3b0d4
25,Dylan_Johnson@montgomery.com,19960701,52048815,Dylan,Johnson,True,Johnson_b8d3f
26,Pamela_King@soto.net,19930929,72515095,Pamela,King,True,King_01148
27,Robert_Smith@joyce.com,19870424,76366335,Robert,Smith,True,Smith_634dd
28,Samantha_Gonzalez@rios-fletcher.com,19980829,40456647,Samantha,Gonzalez,True,Gonzalez_31e9a
29,Kristin_Wilkins@harvey.com,20021105,84393855,Kristin,Wilkins,True,Wilkins_b8306
30,Deborah_Williams@howard.com,19841121,11357647,Deborah,Williams,True,Williams_e69d3
31,Timothy_Martin@camacho-sparks.net,20030501,92008191,Timothy,Martin,True,Martin_6cf84
32,Sarah_Bright@winters.com,19981115,24327743,Sarah,Bright,True,Bright_776f9
33,Jordan_Erickson@martinez.com,19750208,64756655,Jordan,Erickson,True,Erickson_d5457
34,Susan_Ali@leach.com,19990501,74229143,Susan,Ali,True,Ali_f596a
35,Richard_Wilson@hernandez.com,19990307,36349175,Richard,Wilson,True,Wilson_2b41e
36,Jon_Butler@blackwell.com,19870318,78121695,Jon,Butler,True,Butler_a60e8
37,Paul_Phillips@vance.com,19970216,11213063,Paul,Phillips,True,Phillips_01acd
38,Adam_Parker@yoder.com,19980722,27783391,Adam,Parker,True,Parker_5ebc0
39,Jeffrey_Sanchez@jones-butler.com,19950914,73226919,Jeffrey,Sanchez,True,Sanchez_cf3c9
40,Bianca_Martin@mitchell.com,19780502,86924127,Bianca,Martin,True,Martin_5d6f3
41,Jeffrey_King@hicks-boyd.com,19770623,68622991,Jeffrey,King,True,King_2f8a4
42,Melanie_Wiggins@mcdonald-rice.com,20000214,91699615,Melanie,Wiggins,True,Wiggins_c46e0
43,Daniel_Smith@cummings.com,19860803,26613823,Daniel,Smith,True,Smith_c3ee1
44,Scott_Lawrence@aguilar.com,19760401,59217375,Scott,Lawrence,True,Lawrence_c5866
45,Jamie_Jackson@carr.com,19770526,71512687,Jamie,Jackson,True,Jackson_b5943
46,Jessica_Moore@harrison-bautista.com,19990905,27155335,Jessica,Moore,True,Moore_555b6
47,Faith_Edwards@price.net,19770726,44653063,Faith,Edwards,True,Edwards_96edd
48,Laura_Vargas@gallagher-young.com,19770910,40816943,Laura,Vargas,True,Vargas_b176f
49,Sarah_Lewis@wyatt.com,19810225,37945839,Sarah,Lewis,True,Lewis_f236b
50,Matthew_Moore@nichols.com,20030707,66391671,Matthew,Moore,True,Moore_4788f
51,Brian_Johnson@carr.com,19810617,76631695,Brian,Johnson,True,Johnson_01409
52,Christopher_Bautista@rodgers.com,19940212,48834663,Christopher,Bautista,True,Bautista_06ca7
53,Monica_Oconnor@gordon.com,19800107,97887295,Monica,Oconnor,True,Oconnor_5d9be
54,Andrew_Matthews@ramos-vaughn.com,19880219,90821359,Andrew,Matthews,True,Matthews_33105
55,Jerry_Clark@perez.com,19950928,46859655,Jerry,Clark,True,Clark_850e2
56,Alyssa_Kim@beck-zuniga.com,19901108,59732335,Alyssa,Kim,True,Kim_61638
57,Courtney_Williams@garner.com,19990919,27598999,Courtney,Williams,True,Williams_225d6
58,Christopher_Miller@kelly.com,19850131,16222031,Christopher,Miller,True,Miller_5a80b
59,Amber_Hopkins@hall.com,19750831,15289039,Amber,Hopkins,True,Hopkins_7c2f6
60,Alex_Rhodes@russell.net,19780913,75808519,Alex,Rhodes,True,Rhodes_a5121
61,Alan_Peterson@burch.com,19760129,88993663,Alan,Peterson,True,Peterson_9e709
62,Jacob_Grant@cummings.com,19910412,94196575,Jacob,Grant,True,Grant_3d9bf
63,James_Dominguez@black.com,19880512,49527207,James,Dominguez,True,Dominguez_7d290
64,Kathryn_Cardenas@skinner.com,19830805,81016239,Kathryn,Cardenas,True,Cardenas_c6838
65,Jeffrey_Santiago@duncan.com,19750228,93827623,Jeffrey,Santiago,True,Santiago_5cbec
66,Jeffrey_Hernandez@mcdaniel.com,19891231,76263607,Jeffrey,Hernandez,True,Hernandez_f3251
67,Theresa_Newman@perry-scott.com,19941129,36575799,Theresa,Newman,True,Newman_069d1
68,Janet_Choi@neal.com,19860718,66675695,Janet,Choi,True,Choi_e37de
69,Abigail_Brown@jones-underwood.com,19800810,15726143,Abigail,Brown,True,Brown_7bef7
70,Antonio_Dominguez@nichols.com,19801115,75861007,Antonio,Dominguez,True,Dominguez_821d7
71,Mitchell_Pierce@houston-conway.net,20010824,96845551,Mitchell,Pierce,True,Pierce_7e42c
72,Angela_West@anderson-fitzgerald.com,19810427,59397207,Angela,West,True,West_0afba
73,Kelly_Levy@barajas.com,19940805,74468255,Kelly,Levy,True,Levy_1b739
74,Thomas_Burton@dunn-avery.net,19750419,14613071,Thomas,Burton,True,Burton_e624b
75,Paul_Peterson@bullock.com,20021225,59148863,Paul,Peterson,True,Peterson_c41f4
76,Alejandra_Martinez@jones.com,19791221,87381327,Alejandra,Martinez,True,Martinez_d6f6b
77,Latoya_Little@martinez.com,19780708,43404335,Latoya,Little,True,Little_9b0c8
78,Brooke_Hernandez@benitez.com,19911114,97309975,Brooke,Hernandez,True,Hernandez_bcb5b
79,Eugene_Mason@gardner.com,19781213,47810855,Eugene,Mason,True,Mason_6bc9b
80,Alex_Smith@johnson.com,20020305,58965703,Alex,Smith,True,Smith_64fde
81,Jessica_Vargas@miller-price.net,19810517,48925903,Jessica,Vargas,True,Vargas_ed53f
82,Cathy_Carney@williams.net,19970522,31104151,Cathy,Carney,True,Carney_0d73a
83,Alexander_Wilson@barron-garcia.com,19881111,13893319,Alexander,Wilson,True,Wilson_51998
84,Rachel_Poole@jones.net,19760807,35095087,Rachel,Poole,True,Poole_46b07
85,Kevin_Clayton@miller.com,19750807,25081071,Kevin,Clayton,True,Clayton_6ad7d
86,Molly_Miller@king-kelly.net,19770511,99947663,Molly,Miller,True,Miller_d8bf5
87,Craig_Bailey@hancock-brown.com,19970713,33032303,Craig,Bailey,True,Bailey_fac5d
88,Michelle_Lewis@wiggins-thornton.com,19830121,64700455,Michelle,Lewis,True,Lewis_afe1c
89,Nancy_Lucas@aguilar.com,19830607,91477863,Nancy,Lucas,True,Lucas_b2c40
90,Christina_Murray@collins-day.com,19791217,35027583,Christina,Murray,True,Murray_a46c7
91,Emma_Berry@charles.com,19940701,34612959,Emma,Berry,True,Berry_52a6d
92,Christopher_Gross@grimes.net,20031114,49217831,Christopher,Gross,True,Gross_2742d
93,Maria_Miller@roberts.com,19941221,86317751,Maria,Miller,True,Miller_208dd
94,Harry_Miller@warner-jackson.com,19890613,63478047,Harry,Miller,True,Miller_4e2a7
95,Angela_Spencer@lopez.com,19980205,18410783,Angela,Spencer,True,Spencer_95979
96,Christina_Price@kennedy-tran.com,19860805,65381695,Christina,Price,True,Price_35238
97,Matthew_Morris@boyle-novak.com,19981111,49822607,Matthew,Morris,True,Morris_f9657
98,Cindy_Blackburn@bolton.net,20000810,86098071,Cindy,Blackburn,True,Blackburn_4d382
99,Stacy_Jones@perez.com,19940909,71998399,Stacy,Jones,True,Jones_c6f5d
100,Dakota_Silva@barker-miller.com,19791007,41853599,Dakota,Silva,True,Silva_80f7f
101,Roger_Maddox@richards.com,19810426,86988519,Roger,Maddox,True,Maddox_6974f
102,Bryan_Gutierrez@short-huerta.net,19881118,84795039,Bryan,Gutierrez,True,Gutierrez_c61e8
103,Justin_Burke@johnson.com,19961202,43401655,Justin,Burke,True,Burke_ea689
104,Michael_Chang@watkins.com,19900902,99632783,Michael,Chang,True,Chang_62c2d
105,Lauren_Romero@davis.com,20020425,50100783,Lauren,Romero,True,Romero_e5750
106,Jessica_Arroyo@flores-evans.com,20021019,24971015,Jessica,Arroyo,True,Arroyo_a6982
107,Shannon_Gilbert@brown-schaefer.com,19920613,34472903,Shannon,Gilbert,True,Gilbert_cba39
108,Riley_Gomez@hoffman.com,19811102,20838807,Riley,Gomez,True,Gomez_67c3c
109,Shelby_Price@fuller.net,19860708,74350543,Shelby,Price,True,Price_168bd
110,Scott_Harris@mullins.com,19901214,36307567,Scott,Harris,True,Harris_fc222
111,Bonnie_Franklin@gillespie.com,19880714,22008807,Bonnie,Franklin,True,Franklin_f8d94
112,Ashley_Morris@marshall.net,20020110,13085855,Ashley,Morris,True,Morris_b3c8b
113,Daniel_Armstrong@brown.com,19820714,18991247,Daniel,Armstrong,True,Armstrong_f79a4
114,Michael_Powell@mccall.com,19941127,63894311,Michael,Powell,True,Powell_4f74d
115,Aaron_Wilson@burke-benton.net,19870517,75053391,Aaron,Wilson,True,Wilson_6845c
116,Jennifer_Weaver@patterson.com,19781015,74152151,Jennifer,Weaver,True,Weaver_feb81
117,Leonard_Hamilton@brown.com,19880229,76082775,Leonard,Hamilton,True,Hamilton_f2276
118,Kathy_Phillips@floyd.com,19841216,57829247,Kathy,Phillips,True,Phillips_608c9
119,Jennifer_Jimenez@morgan.com,19921121,59592559,Jennifer,Jimenez,True,Jimenez_5ed59
120,Paul_Jones@clark-irwin.com,19940215,91301999,Paul,Jones,True,Jones_f903f
121,Danielle_Tran@mann.com,19880826,85246679,Danielle,Tran,True,Tran_40aaa
122,Jeff_Freeman@guzman.com,20030520,13590655,Jeff,Freeman,True,Freeman_35a3d
123,Elijah_Roy@jones-baldwin.com,19870507,57159015,Elijah,Roy,True,Roy_d0fea
124,Kimberly_Hopkins@adams.com,19931022,67364511,Kimberly,Hopkins,True,Hopkins_56d12
125,William_King@cline-allen.com,19841115,21561215,William,King,True,King_4ae33
126,Stephanie_Robertson@owen-rodriguez.com,20020805,75259367,Stephanie,Robertson,True,Robertson_c09d4
127,Erika_Stewart@solis.com,19851226,83552695,Erika,Stewart,True,Stewart_40f40
128,Christina_Johnson@clark.com,20010622,30262983,Christina,Johnson,True,Johnson_5dcd5
129,James_Rodriguez@logan.com,19810717,50981423,James,Rodriguez,True,Rodriguez_a7ea3
130,James_Bailey@flynn.net,19861007,26146743,James,Bailey,True,Bailey_b3b3b
131,Aaron_Brown@yates.com,19860205,43815191,Aaron,Brown,True,Brown_0522f
132,Samantha_Rasmussen@stokes-leon.com,19940621,26634223,Samantha,Rasmussen,True,Rasmussen_0fcc4
133,Vincent_Martin@wright-lee.com,19840124,55457087,Vincent,Martin,True,Martin_92713
134,Tony_Crawford@moore.com,19870818,15997263,Tony,Crawford,True,Crawford_a2a35
135,Kimberly_Thompson@brewer-walters.net,20001211,88531623,Kimberly,Thompson,True,Thompson_77cc8
136,Martin_Compton@morgan.com,19840206,42037887,Martin,Compton,True,Compton_7eba8
137,Jay_Parker@fowler.net,19930930,57583783,Jay,Parker,True,Parker_311d6
138,Kathleen_Allen@cook.com,19860113,38829559,Kathleen,Allen,True,Allen_b02ca
139,Marie_Lamb@hampton.com,19791004,26841263,Marie,Lamb,True,Lamb_5c0e7
140,Nathan_Flores@gibbs.net,19790409,86883135,Nathan,Flores,True,Flores_a43fb
141,Ashley_Caldwell@mason-bryant.com,19880309,13420663,Ashley,Caldwell,True,Caldwell_2d372
142,Renee_Martin@crawford-walker.com,19810421,55803823,Renee,Martin,True,Martin_caab2
143,Brandon_Powell@craig-gonzales.net,19760606,43375815,Brandon,Powell,True,Powell_fe4b6
144,Kimberly_Stone@murphy-bryant.com,19941205,25323999,Kimberly,Stone,True,Stone_23958
145,Destiny_Lutz@thompson-wright.com,19940412,87853607,Destiny,Lutz,True,Lutz_3427f
146,Brandy_Allen@hardy-griffin.com,19810113,92130799,Brandy,Allen,True,Allen_54dd1
147,Stephanie_Decker@barrett.net,19770509,92626639,Stephanie,Decker,True,Decker_8b48e
148,Stacey_Yates@lewis.com,19921208,30115967,Stacey,Yates,True,Yates_0613f
149,Sue_Lee@rojas.com,19860829,97367575,Sue,Lee,True,Lee_f9df7
150,Kelli_Olson@campbell.net,19960723,50265023,Kelli,Olson,True,Olson_50aa7
151,Becky_Reid@vargas.net,19751027,37025287,Becky,Reid,True,Reid_1bdd4
152,Wesley_Shaw@henderson-gibson.com,19830121,76819471,Wesley,Shaw,True,Shaw_afe1c
153,Jennifer_Garza@herrera-klein.com,19890306,31999455,Jennifer,Garza,True,Garza_a7ba7
154,Laura_Lopez@rodriguez.com,19901221,72627367,Laura,Lopez,True,Lopez_ea347
155,Robert_Weaver@young-leonard.com,19820218,39131199,Robert,Weaver,True,Weaver_201e1
156,Spencer_Ware@montgomery-lane.com,19800910,74599951,Spencer,Ware,True,Ware_b7eab
157,Willie_Erickson@bartlett.com,19911001,53673855,Willie,Erickson,True,Erickson_7ecf6
158,Robert_Stephens@lopez.com,20000619,92784815,Robert,Stephens,True,Stephens_5a6e3
159,Samuel_Dalton@marquez.com,19960916,75194711,Samuel,Dalton,True,Dalton_32ce4
160,Heather_Bennett@hamilton-blair.com,20020501,64795847,Heather,Bennett,True,Bennett_3b82f
161,Joshua_King@hale.net,20000106,99342223,Joshua,King,True,King_89592
162,Logan_Watkins@hernandez.com,20001105,87081215,Logan,Watkins,True,Watkins_4b1ea
163,Jennifer_Martin@moore.com,19830527,83212175,Jennifer,Martin,True,Martin_82381
164,Carolyn_Harmon@watts-horn.com,19980124,55977599,Carolyn,Harmon,True,Harmon_69598
165,Kevin_Johnson@rogers.com,19930208,15154639,Kevin,Johnson,True,Johnson_3549e
166,Terry_Moore@barker-ayers.com,19870615,19828167,Terry,Moore,True,Moore_c62aa
167,James_Rogers@green.net,19930407,65821255,James,Rogers,True,Rogers_c68d9
168,Daniel_Lewis@robertson.com,19770502,48084439,Daniel,Lewis,True,Lewis_9ee6e
169,Carol_Sharp@garcia-lamb.com,19750312,18014567,Carol,Sharp,True,Sharp_7f0b3
170,Lynn_Anderson@williams-carter.com,19960113,75488911,Lynn,Anderson,True,Anderson_542fb
171,Sarah_Harris@thomas-sanchez.com,20010530,52442775,Sarah,Harris,True,Harris_526ca
172,Victor_Owens@collins.com,19960815,53064383,Victor,Owens,True,Owens_620f1
173,Kimberly_Koch@rodriguez.net,19870125,35893839,Kimberly,Koch,True,Koch_43971
174,Janet_Collins@farrell.com,19840721,89424095,Janet,Collins,True,Collins_120bd
175,Kristin_Lawson@salinas.com,19760111,36661711,Kristin,Lawson,True,Lawson_cbf97
176,Robert_Ortiz@saunders-hunter.com,19760811,80296223,Robert,Ortiz,True,Ortiz_15465
177,Connie_Harper@lewis.com,19950627,21369119,Connie,Harper,True,Harper_709ac
178,Debbie_Burns@salinas.com,19830608,95570935,Debbie,Burns,True,Burns_77872
179,Gabriel_Preston@black.com,19961120,88336263,Gabriel,Preston,True,Preston_b6298
180,Brandon_Orozco@greene.com,19870717,59988495,Brandon,Orozco,True,Orozco_02d2b
181,Kari_Nguyen@farley.com,19991119,47980591,Kari,Nguyen,True,Nguyen_6f546
182,Brittany_Hill@rogers-hoffman.com,19870506,90817791,Brittany,Hill,True,Hill_3d175
183,Linda_White@moore.com,19751015,84876711,Linda,White,True,White_e9960
184,Jake_Spencer@murphy.com,20020905,53533879,Jake,Spencer,True,Spencer_faef3
185,Kathleen_Ali@horn-rogers.com,19960206,45338687,Kathleen,Ali,True,Ali_411ea
186,Brianna_Schaefer@nelson-mcmahon.com,19761203,34700887,Brianna,Schaefer,True,Schaefer_ac7f3
187,Angela_Morris@murray.com,19760702,89409391,Angela,Morris,True,Morris_9ba0c
188,Megan_Taylor@montgomery.com,19930510,12610975,Megan,Taylor,True,Taylor_757b6
189,Kelly_Morales@sanchez.com,19800227,44799815,Kelly,Morales,True,Morales_3cabc
190,Sheri_Johnson@lucas.com,19880422,34118127,Sheri,Johnson,True,Johnson_5c594
191,Emily_Case@lewis.com,19850805,90216215,Emily,Case,True,Case_86916
192,Seth_Alvarez@conrad.com,19800108,90929927,Seth,Alvarez,True,Alvarez_af321
193,Zachary_Le@whitaker.com,19851028,56441999,Zachary,Le,True,Le_44e84
194,Joseph_Hill@rodriguez-newton.com,20020923,89902687,Joseph,Hill,True,Hill_0d4d9
195,Lucas_Brown@miller.com,19890111,34675679,Lucas,Brown,True,Brown_e903c
196,William_Garcia@powell.com,19851209,25729991,William,Garcia,True,Garcia_f20c5
197,Nathan_Gray@scott-gonzalez.com,19960618,48983767,Nathan,Gray,True,Gray_15cd6
198,Samuel_Solomon@wolf.net,19871230,26166751,Samuel,Solomon,True,Solomon_23bae
199,Raymond_Conner@oneal-johnson.com,19970128,95736583,Raymond,Conner,True,Conner_71970
200,Alicia_Mccarty@beasley.com,19820916,57669519,Alicia,Mccarty,True,Mccarty_a4b9d
201,Zoe_Christian@grant.com,19990319,22170983,Zoe,Christian,True,Christian_90eb3
202,Victoria_Wood@proctor-baker.com,19910622,13955959,Victoria,Wood,True,Wood_67f27
203,Jillian_Knight@davenport.com,19880811,20417711,Jillian,Knight,True,Knight_64864
204,Ryan_Fisher@fletcher.com,19871030,63505855,Ryan,Fisher,True,Fisher_27703
205,Kenneth_Kim@duran.com,19990505,37818767,Kenneth,Kim,True,Kim_c0e4a
206,Christina_Stone@medina.com,19930320,34449775,Christina,Stone,True,Stone_9ab9f
207,Alexander_Merritt@butler.net,19800913,33574735,Alexander,Merritt,True,Merritt_696fd
208,Matthew_Jones@arnold.com,20000615,98616991,Matthew,Jones,True,Jones_fae51
209,Sarah_David@collier.net,19981216,97218247,Sarah,David,True,David_39e9f
210,Carmen_Barajas@smith.com,19810526,34685455,Carmen,Barajas,True,Barajas_62836
211,Angela_Johnson@stewart.com,19840827,62439103,Angela,Johnson,True,Johnson_5dcba
212,Melissa_Sparks@sanchez-stevenson.com,19930208,27530863,Melissa,Sparks,True,Sparks_3549e
213,Katherine_Hill@tran.com,19830918,37709951,Katherine,Hill,True,Hill_e971e
214,Michael_Knight@davidson.com,19870408,71412263,Michael,Knight,True,Knight_e66ab
215,Heather_Arroyo@martinez.com,19790907,36165719,Heather,Arroyo,True,Arroyo_80e53
216,David_Vazquez@davila-beck.com,19900612,57160871,David,Vazquez,True,Vazquez_13d09
217,Sarah_Davila@nash.com,19790609,46685303,Sarah,Davila,True,Davila_ee457
218,Karen_Oneill@gomez.com,19920410,72265879,Karen,Oneill,True,Oneill_fe1ad
219,Cynthia_Bailey@oneill.com,19790825,48942719,Cynthia,Bailey,True,Bailey_13beb
220,John_Wright@harris.com,19831019,96650335,John,Wright,True,Wright_fefcf
221,Sheila_Brown@stevens-edwards.com,19821128,32490999,Sheila,Brown,True,Brown_565a7
222,Lisa_Moore@ramos.com,19941119,99493567,Lisa,Moore,True,Moore_a6529
223,Lauren_Rodriguez@soto.com,19931016,27106623,Lauren,Rodriguez,True,Rodriguez_a9b99
224,Martin_Allen@steele.com,20020924,99969439,Martin,Allen,True,Allen_7a4f2
225,Christine_Ellis@blackwell.com,19980617,69393823,Christine,Ellis,True,Ellis_b9ff0
226,Alyssa_Salinas@robbins.com,19980710,41363847,Alyssa,Salinas,True,Salinas_8ad1c
227,Kevin_Walsh@hamilton.net,19920508,63251375,Kevin,Walsh,True,Walsh_66f94
228,Kenneth_Knox@zamora.com,19990626,47904991,Kenneth,Knox,True,Knox_d64ed
229,Steve_Mitchell@adkins-russell.com,19751027,98789479,Steve,Mitchell,True,Mitchell_1bdd4
230,Craig_Hendricks@garcia-higgins.com,19951018,51721063,Craig,Hendricks,True,Hendricks_a352c
231,Michael_Mckee@gordon.com,20000917,87409327,Michael,Mckee,True,Mckee_92c0e
232,Michelle_Fletcher@anderson.com,19831024,15665159,Michelle,Fletcher,True,Fletcher_e6fff
233,Shawna_Andrews@freeman.com,19981115,12022295,Shawna,Andrews,True,Andrews_776f9
234,Dana_Hernandez@jackson.com,19940126,50236391,Dana,Hernandez,True,Hernandez_3d7b1
235,Lauren_Harris@long.com,19781108,42605007,Lauren,Harris,True,Harris_14343
236,Sean_Morales@molina.com,20030920,50605207,Sean,Morales,True,Morales_867f3
237,John_Mendoza@mahoney.com,19850519,85845135,John,Mendoza,True,Mendoza_fa60d
238,Sierra_Mcdaniel@mata.com,20030713,77274903,Sierra,Mcdaniel,True,Mcdaniel_4de3f
239,Tracy_Charles@rowe.com,19930811,62200511,Tracy,Charles,True,Charles_31f3e
240,Brandon_Johnson@ramirez.com,19851003,60862935,Brandon,Johnson,True,Johnson_8eba4
241,William_Beltran@bean.com,19850313,16495975,William,Beltran,True,Beltran_b42ac
242,Gerald_Stuart@strong.net,19950810,98421991,Gerald,Stuart,True,Stuart_42d02
243,Jacob_Vaughan@martinez.com,19830809,69615007,Jacob,Vaughan,True,Vaughan_8e8df
244,Rachel_Garcia@neal.com,19961021,87786127,Rachel,Garcia,True,Garcia_d383b
245,Patrick_Madden@sanders.com,19940111,35389647,Patrick,Madden,True,Madden_e846a
246,Thomas_Fisher@phillips.com,19850415,99090999,Thomas,Fisher,True,Fisher_cd40a
247,Jeffrey_Macias@cox.com,19900310,98485783,Jeffrey,Macias,True,Macias_76606
248,Timothy_Jordan@young.com,19991228,77411263,Timothy,Jordan,True,Jordan_26d57
249,Kathy_Leblanc@warren-gray.com,19810227,69067343,Kathy,Leblanc,True,Leblanc_25e89
250,Angela_Hayden@barry.net,19960623,28574351,Angela,Hayden,True,Hayden_44dbe
251,Renee_Hodges@hamilton.com,19871228,63899519,Renee,Hodges,True,Hodges_c3205
252,Lauren_Orozco@sanchez.com,20000126,71540231,Lauren,Orozco,True,Orozco_32e5d
253,Gregory_Peters@ray.net,19900209,78256247,Gregory,Peters,True,Peters_e27c8
254,Matthew_Salazar@jones-jones.com,19991112,50895327,Matthew,Salazar,True,Salazar_bc3a9
255,Charles_Powell@knight.com,19970609,47215879,Charles,Powell,True,Powell_3954e
256,Laura_Sandoval@brown.com,19860913,17475623,Laura,Sandoval,True,Sandoval_6592d
257,Nicholas_Caldwell@hurley-bass.com,19770714,42525999,Nicholas,Caldwell,True,Caldwell_92d76
258,Ryan_Garcia@vazquez-wells.com,19930815,26856535,Ryan,Garcia,True,Garcia_a540e
259,Pamela_Hughes@charles-costa.com,19870613,40181295,Pamela,Hughes,True,Hughes_5403f
260,Tiffany_Scott@davis.com,19861011,76272207,Tiffany,Scott,True,Scott_8d6d8
261,Stanley_Conway@adams.com,19850509,71853567,Stanley,Conway,True,Conway_b0354
262,Yolanda_Petty@dunlap-brown.com,19910125,69674519,Yolanda,Petty,True,Petty_89b4f
263,Tara_Jones@blankenship.net,19850303,49275455,Tara,Jones,True,Jones_7290c
264,George_Williams@patton.com,19810319,69991287,George,Williams,True,Williams_c20d3
265,Lori_Allen@valdez-phillips.com,20020916,28175727,Lori,Allen,True,Allen_8c000
266,Jonathan_Villa@suarez.com,19750312,80471287,Jonathan,Villa,True,Villa_7f0b3
267,Scott_Williams@keller-wong.com,19800308,85799255,Scott,Williams,True,Williams_10ae3
268,Dylan_Hernandez@singleton-johnson.com,19950103,31405951,Dylan,Hernandez,True,Hernandez_93271
269,Michelle_Garcia@lynch.com,19801017,52895823,Michelle,Garcia,True,Garcia_6967c
270,Matthew_Bailey@benjamin.com,19870728,39436023,Matthew,Bailey,True,Bailey_255ab
271,Curtis_Flynn@cook-drake.com,19780926,58787463,Curtis,Flynn,True,Flynn_066c3
272,Sheri_Kline@hinton.com,19940906,33546343,Sheri,Kline,True,Kline_f3c8c
273,Jeffrey_Murray@jones.net,19821221,27473887,Jeffrey,Murray,True,Murray_8d3f7
274,Kristin_Wagner@clayton.com,19970129,66045343,Kristin,Wagner,True,Wagner_83f4e
275,Aaron_Wilson@burke-benton.net,19870517,75053391,Aaron,Wilson,True,Wilson_6845c
276,Samuel_Lee@gardner-rodriguez.net,19740902,57636831,Samuel,Lee,True,Lee_d3d5c
277,Jennifer_Weaver@patterson.com,19781015,74152151,Jennifer,Weaver,True,Weaver_feb81
278,Leonard_Hamilton@brown.com,19880229,76082775,Leonard,Hamilton,True,Hamilton_f2276
279,Kathy_Phillips@floyd.com,19841216,57829247,Kathy,Phillips,True,Phillips_608c9
280,Jennifer_Jimenez@morgan.com,19921121,59592559,Jennifer,Jimenez,True,Jimenez_5ed59
281,Victoria_Lawson@snyder.com,19541204,24045823,Victoria,Lawson,True,Lawson_c755d
282,Michael_Martinez@hogan.net,19521107,40271975,Michael,Martinez,True,Martinez_bc0fc
283,Paul_Jones@clark-irwin.com,19940215,91301999,Paul,Jones,True,Jones_f903f
284,Danielle_Tran@mann.com,19880826,85246679,Danielle,Tran,True,Tran_40aaa
285,Jeff_Freeman@guzman.com,20030520,13590655,Jeff,Freeman,True,Freeman_35a3d
286,Marissa_Jones@lewis.net,19580806,32094119,Marissa,Jones,True,Jones_cdd9f
287,Elijah_Roy@jones-baldwin.com,19870705,57159015,Elijah,Roy,True,Roy_57ef7
288,Courtney_Simpson@preston-cantrell.com,19731103,77314887,Courtney,Simpson,True,Simpson_7383f
289,Kimberly_Hopkins@adams.com,19931022,67364511,Kimberly,Hopkins,True,Hopkins_56d12
290,William_King@cline-allen.com,19841115,21561215,William,King,True,King_4ae33
291,Stephanie_Robertson@owen-rodriguez.com,20020805,75259367,Stephanie,Robertson,True,Robertson_c09d4
292,Rickey_Hill@parker-cohen.com,19640430,56465207,Rickey,Hill,True,Hill_bd6cc
293,Erika_Stewart@solis.com,19851226,83552695,Erika,Stewart,True,Stewart_40f40
294,Christina_Johnson@clark.com,20010622,30262983,Christina,Johnson,True,Johnson_5dcd5
295,Kelli_Wells@jones.com,19540308,27406215,Kelli,Wells,True,Wells_5c2c0
296,Nathan_Archer@gray.com,19560723,72954367,Nathan,Archer,True,Archer_c6232
297,Michael_Kline@phelps-alvarez.com,19650623,20968343,Michael,Kline,True,Kline_6fe75
298,Joshua_Rodriguez@thornton-benitez.com,19530317,27953967,Joshua,Rodriguez,True,Rodriguez_1eec6
299,James_Rodriguez@logan.com,19810717,50981423,James,Rodriguez,True,Rodriguez_a7ea3
300,Robert_Ortega@perez.com,19600316,57040695,Robert,Ortega,True,Ortega_7f647
301,Teresa_Ruiz@holmes.com,19510904,22432447,Teresa,Ruiz,True,Ruiz_e89df
302,Madison_Mejia@sims.com,19530323,73824679,Madison,Mejia,True,Mejia_10b0a
303,James_Bailey@flynn.net,19861007,26146743,James,Bailey,True,Bailey_b3b3b
304,Mary_Perry@williams.net,19730808,57879711,Mary,Perry,True,Perry_e8625
305,Crystal_Jones@webb.com,19620914,39588047,Crystal,Jones,True,Jones_85733
306,Aaron_Brown@yates.com,19860502,43815191,Aaron,Brown,True,Brown_9035e
307,Tanya_Barajas@davis.com,19740430,92793871,Tanya,Barajas,True,Barajas_c09f8
308,Samantha_Rasmussen@stokes-leon.com,19940621,26634223,Samantha,Rasmussen,True,Rasmussen_0fcc4
309,Vincent_Martin@wright-lee.com,19840124,55457087,Vincent,Martin,True,Martin_92713
310,Tony_Crawford@moore.com,19870818,15997263,Tony,Crawford,True,Crawford_a2a35
311,Randy_Sullivan@perez.net,19611025,15665967,Randy,Sullivan,True,Sullivan_7d828
312,Kimberly_Thompson@brewer-walters.net,20001211,88531623,Kimberly,Thompson,True,Thompson_77cc8
313,Martin_Compton@morgan.com,19840602,42037887,Martin,Compton,True,Compton_395a9
314,Tracy_Brown@joyce.com,19720823,26044711,Tracy,Brown,True,Brown_8baf8
315,Leslie_Preston@johns.com,19720510,71892959,Leslie,Preston,True,Preston_d0922
316,Jay_Parker@fowler.net,19930930,57583783,Jay,Parker,True,Parker_311d6
317,Lance_Williams@williams.net,19730807,19310567,Lance,Williams,True,Williams_44d67
318,Kathleen_Allen@cook.com,19860113,38829559,Kathleen,Allen,True,Allen_b02ca
319,Marie_Lamb@hampton.com,19790410,26841263,Marie,Lamb,True,Lamb_5dc6d
320,Nathan_Flores@gibbs.net,19790409,86883135,Nathan,Flores,True,Flores_a43fb
321,Ashley_Caldwell@mason-bryant.com,19880903,13420663,Ashley,Caldwell,True,Caldwell_aa013
322,Renee_Martin@crawford-walker.com,19810421,55803823,Renee,Martin,True,Martin_caab2
323,Keith_Parker@moore.com,19640826,40120471,Keith,Parker,True,Parker_0793e
324,Melissa_Levy@arroyo.com,19500330,51842935,Melissa,Levy,True,Levy_bef91
325,Brandon_Powell@craig-gonzales.net,19760606,43375815,Brandon,Powell,True,Powell_fe4b6
326,Kimberly_Stone@murphy-bryant.com,19940512,25323999,Kimberly,Stone,True,Stone_1d9aa
327,Adam_Jones@ashley.com,19730316,55082935,Adam,Jones,True,Jones_575ba
328,Elizabeth_Andersen@baker.com,19740123,69096535,Elizabeth,Andersen,True,Andersen_61066
329,Destiny_Lutz@thompson-wright.com,19940412,87853607,Destiny,Lutz,True,Lutz_3427f
330,Brandy_Allen@hardy-griffin.com,19810113,92130799,Brandy,Allen,True,Allen_54dd1
331,Stephanie_Decker@barrett.net,19770905,92626639,Stephanie,Decker,True,Decker_0c2ca
332,Michelle_Keller@johnson.com,19510607,56139711,Michelle,Keller,True,Keller_80065
333,Stacey_Yates@lewis.com,19921208,30115967,Stacey,Yates,True,Yates_0613f
334,Sue_Lee@rojas.com,19860829,97367575,Sue,Lee,True,Lee_f9df7
335,Anna_Long@coleman.com,19740316,52566967,Anna,Long,True,Long_850ab
336,Annette_Watson@brown-brennan.com,19580423,67851175,Annette,Watson,True,Watson_6dc0c
337,James_Thomas@torres.net,19520509,58718239,James,Thomas,True,Thomas_6cc50
338,Kelli_Olson@campbell.net,19960723,50265023,Kelli,Olson,True,Olson_50aa7
339,Becky_Reid@vargas.net,19751027,37025287,Becky,Reid,True,Reid_1bdd4
340,Wesley_Shaw@henderson-gibson.com,19830121,76819471,Wesley,Shaw,True,Shaw_afe1c
341,Pamela_Boyd@freeman.com,19680628,25030751,Pamela,Boyd,True,Boyd_94bd7
342,Jeremy_Lewis@murray.com,19530107,44159519,Jeremy,Lewis,True,Lewis_644d9
343,Jennifer_Garza@herrera-klein.com,19890603,31999455,Jennifer,Garza,True,Garza_be6d1
344,Joseph_Perry@tucker.com,19510616,16254071,Joseph,Perry,True,Perry_b530f
345,Heather_Herman@williams-lindsey.com,19710606,97877423,Heather,Herman,True,Herman_0ab62
346,Laura_Lopez@rodriguez.com,19901221,72627367,Laura,Lopez,True,Lopez_ea347
347,Reginald_Barnes@walker-robinson.com,19730214,19884399,Reginald,Barnes,True,Barnes_f462c
348,Robert_Weaver@young-leonard.com,19820218,39131199,Robert,Weaver,True,Weaver_201e1
349,Beth_Martinez@johnson.com,19681225,87909191,Beth,Martinez,True,Martinez_204f4
350,Spencer_Ware@montgomery-lane.com,19801009,74599951,Spencer,Ware,True,Ware_0b5e6
351,Willie_Erickson@bartlett.com,19910110,53673855,Willie,Erickson,True,Erickson_3df9d
352,Daniel_Nguyen@mccall.com,19590903,37673823,Daniel,Nguyen,True,Nguyen_6a5e7
353,Leonard_Martinez@mcbride.com,19560922,14452319,Leonard,Martinez,True,Martinez_7564a
354,Robert_Stephens@lopez.com,20000619,92784815,Robert,Stephens,True,Stephens_5a6e3
355,Daniel_Chen@little.com,19520716,46750383,Daniel,Chen,True,Chen_7d3b1
356,Samuel_Dalton@marquez.com,19960916,75194711,Samuel,Dalton,True,Dalton_32ce4
357,Heather_Bennett@hamilton-blair.com,20020105,64795847,Heather,Bennett,True,Bennett_dcbc8
358,Joshua_King@hale.net,20000106,99342223,Joshua,King,True,King_89592
359,Crystal_Blake@parker.com,19701117,97878511,Crystal,Blake,True,Blake_e7660
360,Amanda_Evans@cox.com,19590224,92559519,Amanda,Evans,True,Evans_62a52
361,Sergio_Day@guzman-garrett.com,19510531,27091295,Sergio,Day,True,Day_69b70
362,Julie_Boyd@white-george.com,19690906,47949079,Julie,Boyd,True,Boyd_9e514
363,Logan_Watkins@hernandez.com,20000511,87081215,Logan,Watkins,True,Watkins_c9964
364,Steven_Ortiz@hamilton.com,19670605,15073183,Steven,Ortiz,True,Ortiz_c84c2
365,Lisa_Marquez@day-smith.com,19710326,18443671,Lisa,Marquez,True,Marquez_7aa36
366,Jennifer_Martin@moore.com,19830527,83212175,Jennifer,Martin,True,Martin_82381
367,Arthur_Chandler@martin.com,19610210,18438007,Arthur,Chandler,True,Chandler_4ab75
368,Ronald_Hudson@carson.com,19511003,66192423,Ronald,Hudson,True,Hudson_01af1
369,Jennifer_Lee@guerra-lopez.com,19500104,35305031,Jennifer,Lee,True,Lee_d7999
370,Gregory_Yoder@robinson-johnson.com,19530620,75705319,Gregory,Yoder,True,Yoder_70108
371,Carolyn_Harmon@watts-horn.com,19980124,55977599,Carolyn,Harmon,True,Harmon_69598
372,Christopher_Harrell@lindsey.com,19700630,52999479,Christopher,Harrell,True,Harrell_7257b
373,Kevin_Johnson@rogers.com,19930802,15154639,Kevin,Johnson,True,Johnson_a67f3
374,Michael_Harrison@franklin.com,19510819,29087871,Michael,Harrison,True,Harrison_087c8
375,Terry_Moore@barker-ayers.com,19870615,19828167,Terry,Moore,True,Moore_c62aa
376,James_Rogers@green.net,19930704,65821255,James,Rogers,True,Rogers_656af
377,Kathleen_Tran@wilson.net,19740211,20044927,Kathleen,Tran,True,Tran_b0eca
378,Jacqueline_Conway@robinson-carson.com,19710617,91842383,Jacqueline,Conway,True,Conway_ae427
379,Maxwell_Cole@larson.com,19510203,41796463,Maxwell,Cole,True,Cole_92aa4
380,Bethany_Williamson@flores.com,19540310,40227935,Bethany,Williamson,True,Williamson_2b72a
381,Joseph_Wright@powell.net,19570521,40768583,Joseph,Wright,True,Wright_f1b73
382,Heidi_Bolton@spencer.com,19560616,58079023,Heidi,Bolton,True,Bolton_06e0a
383,Daniel_Lewis@robertson.com,19770205,48084439,Daniel,Lewis,True,Lewis_e0082
384,Dale_Ramirez@patton.com,19550323,59875791,Dale,Ramirez,True,Ramirez_63293
385,Carol_Sharp@garcia-lamb.com,19750312,18014567,Carol,Sharp,True,Sharp_7f0b3
386,Joseph_Buck@jacobs.com,19520311,34270063,Joseph,Buck,True,Buck_542b9
387,Lynn_Anderson@williams-carter.com,19960113,75488911,Lynn,Anderson,True,Anderson_542fb
388,Sarah_Harris@thomas-sanchez.com,20010530,52442775,Sarah,Harris,True,Harris_526ca
389,Victor_Owens@collins.com,19960815,53064383,Victor,Owens,True,Owens_620f1
390,Kimberly_Koch@rodriguez.net,19870125,35893839,Kimberly,Koch,True,Koch_43971
391,Allison_Obrien@bailey-sanders.com,19620423,81154631,Allison,Obrien,True,Obrien_00e34
392,John_Rogers@oneill.com,19710905,21046575,John,Rogers,True,Rogers_160f6
393,Janet_Collins@farrell.com,19840721,89424095,Janet,Collins,True,Collins_120bd
394,Kristin_Lawson@salinas.com,19760111,36661711,Kristin,Lawson,True,Lawson_cbf97
395,James_Castaneda@miller-hart.com,19640126,64715807,James,Castaneda,True,Castaneda_7660a
396,Robert_Ortiz@saunders-hunter.com,19761108,80296223,Robert,Ortiz,True,Ortiz_66abd
397,Connie_Harper@lewis.com,19950627,21369119,Connie,Harper,True,Harper_709ac
398,Debbie_Burns@salinas.com,19830806,95570935,Debbie,Burns,True,Burns_f2b3a
399,Gabriel_Preston@black.com,19961120,88336263,Gabriel,Preston,True,Preston_b6298
400,Brandon_Orozco@greene.com,19870717,59988495,Brandon,Orozco,True,Orozco_02d2b
401,Kari_Nguyen@farley.com,19991119,47980591,Kari,Nguyen,True,Nguyen_6f546
402,Brittany_Hill@rogers-hoffman.com,19870605,90817791,Brittany,Hill,True,Hill_2c87a
403,Carrie_Martinez@hendrix.com,19740124,96107743,Carrie,Martinez,True,Martinez_a7c33
404,Linda_White@moore.com,19751015,84876711,Linda,White,True,White_e9960
405,Jake_Spencer@murphy.com,20020509,53533879,Jake,Spencer,True,Spencer_c21d7
406,Joseph_Chan@hutchinson-gutierrez.com,19660922,19544079,Joseph,Chan,True,Chan_f9d1e
407,Kathleen_Ali@horn-rogers.com,19960602,45338687,Kathleen,Ali,True,Ali_a2746
408,Danielle_Stephens@miller.net,19610929,16838823,Danielle,Stephens,True,Stephens_baaae
409,Brianna_Schaefer@nelson-mcmahon.com,19761203,34700887,Brianna,Schaefer,True,Schaefer_ac7f3
410,Angela_Morris@murray.com,19760702,89409391,Angela,Morris,True,Morris_9ba0c
411,Jessica_Smith@walsh-steele.com,19510531,97984639,Jessica,Smith,True,Smith_69b70
412,Brenda_Long@carter.net,19510914,45992583,Brenda,Long,True,Long_f0fca
413,Megan_Taylor@montgomery.com,19930510,12610975,Megan,Taylor,True,Taylor_757b6
414,Kelly_Morales@sanchez.com,19800227,44799815,Kelly,Morales,True,Morales_3cabc
415,Sheri_Johnson@lucas.com,19880422,34118127,Sheri,Johnson,True,Johnson_5c594
416,Lori_Pacheco@ayala.com,19620630,94662495,Lori,Pacheco,True,Pacheco_7ccf5
417,Sandra_Schmidt@herrera.com,19590711,50638143,Sandra,Schmidt,True,Schmidt_be25c
418,Rachel_Hill@gutierrez.com,19541202,55824367,Rachel,Hill,True,Hill_2b641
419,Emily_Case@lewis.com,19850508,90216215,Emily,Case,True,Case_1fe51
420,Seth_Alvarez@conrad.com,19800108,90929927,Seth,Alvarez,True,Alvarez_af321
421,Jose_Reyes@garcia.com,19700929,94563263,Jose,Reyes,True,Reyes_0a636
422,Zachary_Le@whitaker.com,19851028,56441999,Zachary,Le,True,Le_44e84
423,Rhonda_Anthony@lawson.com,19740915,12850551,Rhonda,Anthony,True,Anthony_91ec3
424,Joseph_Hill@rodriguez-newton.com,20020923,89902687,Joseph,Hill,True,Hill_0d4d9
425,Erin_Davis@sanchez.net,19600917,22992863,Erin,Davis,True,Davis_dbcb2
426,Lucas_Brown@miller.com,19891101,34675679,Lucas,Brown,True,Brown_1ebf8
427,William_Garcia@powell.com,19850912,25729991,William,Garcia,True,Garcia_72e9b
428,Lauren_Swanson@pena-pierce.com,19610921,85204407,Lauren,Swanson,True,Swanson_b3ea5
429,John_Frank@martin.com,19500519,42691023,John,Frank,True,Frank_4dfb9
430,Nicole_Schmidt@stephens.com,19651109,86157423,Nicole,Schmidt,True,Schmidt_54bf2
431,Nathan_Gray@scott-gonzalez.com,19960618,48983767,Nathan,Gray,True,Gray_15cd6
432,Nichole_Delgado@dixon-cruz.com,19720305,60338223,Nichole,Delgado,True,Delgado_f68ba
433,Marcus_Rodriguez@jones.com,19690511,23424599,Marcus,Rodriguez,True,Rodriguez_3a35b
434,Samuel_Solomon@wolf.net,19871230,26166751,Samuel,Solomon,True,Solomon_23bae
435,Katrina_Miller@grimes.com,19540308,81240247,Katrina,Miller,True,Miller_5c2c0
436,Raymond_Conner@oneal-johnson.com,19970128,95736583,Raymond,Conner,True,Conner_71970
437,Lori_Fuller@gordon.com,19680101,54288255,Lori,Fuller,True,Fuller_9068b
438,Corey_Wilson@hoover-hernandez.com,19531011,39467535,Corey,Wilson,True,Wilson_da57e
439,Holly_James@macdonald.com,19641104,62732175,Holly,James,True,James_e7a3a
440,Alicia_Mccarty@beasley.com,19820916,57669519,Alicia,Mccarty,True,Mccarty_a4b9d
441,Zoe_Christian@grant.com,19990319,22170983,Zoe,Christian,True,Christian_90eb3
442,Nicholas_Watson@williams.com,19620403,72181751,Nicholas,Watson,True,Watson_61db6
443,Victoria_Wood@proctor-baker.com,19910622,13955959,Victoria,Wood,True,Wood_67f27
444,Jillian_Knight@davenport.com,19881108,20417711,Jillian,Knight,True,Knight_10192
445,Ryan_Fisher@fletcher.com,19871030,63505855,Ryan,Fisher,True,Fisher_27703
446,Stephanie_Howe@allen.com,19630905,37283343,Stephanie,Howe,True,Howe_a7c94
447,Kenneth_Kim@duran.com,19990505,37818767,Kenneth,Kim,True,Kim_c0e4a
448,Andrew_Macias@douglas.com,19661013,28232535,Andrew,Macias,True,Macias_a4116
449,Elizabeth_Huffman@zamora.com,19580918,15486151,Elizabeth,Huffman,True,Huffman_fb25a
450,Christina_Stone@medina.com,19930320,34449775,Christina,Stone,True,Stone_9ab9f
451,Alexander_Merritt@butler.net,19800913,33574735,Alexander,Merritt,True,Merritt_696fd
452,Kelly_Sanders@coleman.com,19520413,29703695,Kelly,Sanders,True,Sanders_e9c2f
453,Matthew_Jones@arnold.com,20000615,98616991,Matthew,Jones,True,Jones_fae51
454,Sarah_David@collier.net,19981216,97218247,Sarah,David,True,David_39e9f
455,Carmen_Barajas@smith.com,19810526,34685455,Carmen,Barajas,True,Barajas_62836
456,Angela_Johnson@stewart.com,19840827,62439103,Angela,Johnson,True,Johnson_5dcba
457,Melissa_Sparks@sanchez-stevenson.com,19930802,27530863,Melissa,Sparks,True,Sparks_a67f3
458,Katherine_Hill@tran.com,19830918,37709951,Katherine,Hill,True,Hill_e971e
459,Kristin_Hart@ortega.com,19661217,36255543,Kristin,Hart,True,Hart_3b264
460,Jacqueline_Ho@henry.com,19610131,75359367,Jacqueline,Ho,True,Ho_73551
461,Michael_Knight@davidson.com,19870408,71412263,Michael,Knight,True,Knight_e66ab
462,Heather_Arroyo@martinez.com,19790709,36165719,Heather,Arroyo,True,Arroyo_44022
463,Lori_Larson@flowers.com,19630807,38397103,Lori,Larson,True,Larson_06714
464,David_Vazquez@davila-beck.com,19900612,57160871,David,Vazquez,True,Vazquez_13d09
465,Sherry_Hicks@stout-nicholson.com,19611127,12514111,Sherry,Hicks,True,Hicks_5e5f2
466,Sarah_Davila@nash.com,19790906,46685303,Sarah,Davila,True,Davila_1977b
467,Karen_Oneill@gomez.com,19921004,72265879,Karen,Oneill,True,Oneill_7278c
468,Nicholas_Mills@williams.com,19631001,68844231,Nicholas,Mills,True,Mills_f511a
469,Jennifer_Montgomery@estrada-cole.com,19710715,53834071,Jennifer,Montgomery,True,Montgomery_1a334
470,Cynthia_Bailey@oneill.com,19790825,48942719,Cynthia,Bailey,True,Bailey_13beb
471,John_Wright@harris.com,19831019,96650335,John,Wright,True,Wright_fefcf
472,Sheila_Brown@stevens-edwards.com,19821128,32490999,Sheila,Brown,True,Brown_565a7
473,Lisa_Moore@ramos.com,19941119,99493567,Lisa,Moore,True,Moore_a6529
474,Julian_Newman@haynes.com,19580313,49873159,Julian,Newman,True,Newman_15a27
475,Thomas_Ferguson@guzman.com,19591213,28787319,Thomas,Ferguson,True,Ferguson_fb458
476,Lauren_Rodriguez@soto.com,19931016,27106623,Lauren,Rodriguez,True,Rodriguez_a9b99
477,Richard_Anderson@white.com,19580607,66751511,Richard,Anderson,True,Anderson_7118f
478,Jessica_Lee@brown-baxter.com,19670124,89410823,Jessica,Lee,True,Lee_7f12f
479,Martin_Allen@steele.com,20020924,99969439,Martin,Allen,True,Allen_7a4f2
480,Angela_Mitchell@moreno-evans.com,19690105,50190223,Angela,Mitchell,True,Mitchell_06d3f
481,Derrick_Sanchez@mitchell.com,19700424,97980535,Derrick,Sanchez,True,Sanchez_9f266
482,Christine_Ellis@blackwell.com,19980617,69393823,Christine,Ellis,True,Ellis_b9ff0
483,Alyssa_Salinas@robbins.com,19980710,41363847,Alyssa,Salinas,True,Salinas_8ad1c
484,Kevin_Walsh@hamilton.net,19920805,63251375,Kevin,Walsh,True,Walsh_8cd29
485,Kenneth_Knox@zamora.com,19990626,47904991,Kenneth,Knox,True,Knox_d64ed
486,Steve_Mitchell@adkins-russell.com,19751027,98789479,Steve,Mitchell,True,Mitchell_1bdd4
487,Craig_Hendricks@garcia-higgins.com,19951018,51721063,Craig,Hendricks,True,Hendricks_a352c
488,Ricky_Kerr@gonzalez-martinez.com,19510625,43238807,Ricky,Kerr,True,Kerr_a02d8
489,Gloria_Aguilar@dorsey-donaldson.com,19690606,69773231,Gloria,Aguilar,True,Aguilar_d3661
490,Alexander_Knight@doyle.com,19740812,41639975,Alexander,Knight,True,Knight_7e064
491,Joseph_Cross@mason-shaw.net,19530126,35750023,Joseph,Cross,True,Cross_36c08
492,Joel_Myers@smith-willis.net,19720920,49665991,Joel,Myers,True,Myers_1466d
493,Michael_Mckee@gordon.com,20000917,87409327,Michael,Mckee,True,Mckee_92c0e
494,Roy_Park@rodriguez-west.com,19551029,69451423,Roy,Park,True,Park_a639e
495,Jonathan_Castro@sandoval.com,19700409,95059239,Jonathan,Castro,True,Castro_49d90
496,Richard_Carroll@massey-gardner.com,19610526,61422551,Richard,Carroll,True,Carroll_78391
497,Michelle_Fletcher@anderson.com,19831024,15665159,Michelle,Fletcher,True,Fletcher_e6fff
498,Carol_Murphy@lowe.com,19640317,54241135,Carol,Murphy,True,Murphy_ecd95
499,Michael_Russell@orozco.com,19680308,24280095,Michael,Russell,True,Russell_203e4
500,Shawna_Andrews@freeman.com,19981115,12022295,Shawna,Andrews,True,Andrews_776f9
501,Dana_Hernandez@jackson.com,19940126,50236391,Dana,Hernandez,True,Hernandez_3d7b1
502,Lauren_Harris@long.com,19780811,42605007,Lauren,Harris,True,Harris_e20bd
503,Sean_Morales@molina.com,20030920,50605207,Sean,Morales,True,Morales_867f3
504,John_Mendoza@mahoney.com,19850519,85845135,John,Mendoza,True,Mendoza_fa60d
505,Sierra_Mcdaniel@mata.com,20030713,77274903,Sierra,Mcdaniel,True,Mcdaniel_4de3f
506,Wendy_Smith@smith-webb.com,19700128,60349279,Wendy,Smith,True,Smith_85c0b
507,Leslie_Diaz@thomas-shelton.com,19570430,57506727,Leslie,Diaz,True,Diaz_0bd1d
508,Grant_Snyder@gonzales.com,19731031,23872143,Grant,Snyder,True,Snyder_d3f05
509,Brandi_Jenkins@miller.com,19651228,79308567,Brandi,Jenkins,True,Jenkins_27fe6
510,Amy_Haynes@levy.com,19600314,41563455,Amy,Haynes,True,Haynes_18bc2
511,John_Roberts@hendricks.com,19540315,16513279,John,Roberts,True,Roberts_d606a
512,Carrie_Nelson@archer-murphy.com,19510609,49242255,Carrie,Nelson,True,Nelson_fde1d
513,Jacob_Hood@evans.com,19560208,24204143,Jacob,Hood,True,Hood_bb6b9
514,Tracy_Charles@rowe.com,19931108,62200511,Tracy,Charles,True,Charles_02485
515,Brandon_Johnson@ramirez.com,19851003,60862935,Brandon,Johnson,True,Johnson_8eba4
516,Wendy_Nelson@day.com,19650108,59119063,Wendy,Nelson,True,Nelson_f7fc3
517,Jasmine_Ramsey@jackson.com,19500407,16447279,Jasmine,Ramsey,True,Ramsey_843ef
518,William_Beltran@bean.com,19850313,16495975,William,Beltran,True,Beltran_b42ac
519,Gerald_Stuart@strong.net,19950810,98421991,Gerald,Stuart,True,Stuart_42d02
520,Jacob_Vaughan@martinez.com,19830908,69615007,Jacob,Vaughan,True,Vaughan_40056
521,Matthew_Fuentes@miranda.com,19660329,33411447,Matthew,Fuentes,True,Fuentes_0598c
522,April_Carpenter@page.com,19710929,97274415,April,Carpenter,True,Carpenter_4acee
523,Rachel_Garcia@neal.com,19961021,87786127,Rachel,Garcia,True,Garcia_d383b
524,Patrick_Madden@sanders.com,19941101,35389647,Patrick,Madden,True,Madden_d8100
525,Angela_Myers@rodriguez.com,19740126,59457063,Angela,Myers,True,Myers_96365
526,Wayne_Baker@brown.com,19671227,92067207,Wayne,Baker,True,Baker_726e6
527,Haley_Cox@lewis.com,19641001,27911351,Haley,Cox,True,Cox_c2d50
528,Dan_Sanders@klein-hernandez.com,19500813,30043759,Dan,Sanders,True,Sanders_65a5d
529,Thomas_Fisher@phillips.com,19850415,99090999,Thomas,Fisher,True,Fisher_cd40a
530,Taylor_Lopez@jones-salazar.com,19570522,17889439,Taylor,Lopez,True,Lopez_d2a7d
531,Jeffrey_Macias@cox.com,19900310,98485783,Jeffrey,Macias,True,Macias_76606
532,Brian_Drake@hurst-price.net,19621102,83466007,Brian,Drake,True,Drake_1697c
533,Timothy_Jordan@young.com,19991228,77411263,Timothy,Jordan,True,Jordan_26d57
534,Kathy_Leblanc@warren-gray.com,19810227,69067343,Kathy,Leblanc,True,Leblanc_25e89
535,William_Floyd@duran.com,19720713,27758191,William,Floyd,True,Floyd_ee7c0
536,Angela_Hayden@barry.net,19960623,28574351,Angela,Hayden,True,Hayden_44dbe
537,Renee_Hodges@hamilton.com,19871228,63899519,Renee,Hodges,True,Hodges_c3205
538,Samantha_Miller@mcmahon.com,19650406,41451647,Samantha,Miller,True,Miller_b1a7b
539,Lauren_Orozco@sanchez.com,20000126,71540231,Lauren,Orozco,True,Orozco_32e5d
540,April_Owen@sanchez.com,19670923,16552967,April,Owen,True,Owen_1c1c8
541,Evan_Russell@ferguson.net,19590120,75209343,Evan,Russell,True,Russell_eeae9
542,Brent_Castaneda@garcia.com,19580307,80875871,Brent,Castaneda,True,Castaneda_1e9a5
543,Gregory_Peters@ray.net,19900902,78256247,Gregory,Peters,True,Peters_62c2d
544,Matthew_Salazar@jones-jones.com,19991211,50895327,Matthew,Salazar,True,Salazar_8a391
545,Natasha_Martinez@west.com,19680418,55194439,Natasha,Martinez,True,Martinez_fa7cb
546,Charles_Powell@knight.com,19970906,47215879,Charles,Powell,True,Powell_89e26
547,Brian_Powell@hernandez.com,19591115,67153775,Brian,Powell,True,Powell_c3379
548,Laura_Sandoval@brown.com,19860913,17475623,Laura,Sandoval,True,Sandoval_6592d
549,Charles_Gonzalez@navarro.com,19710404,94465511,Charles,Gonzalez,True,Gonzalez_bc4a4
550,Nicholas_Caldwell@hurley-bass.com,19770714,42525999,Nicholas,Caldwell,True,Caldwell_92d76
551,Brian_Wyatt@wright-young.com,19581211,63631399,Brian,Wyatt,True,Wyatt_ac546
552,Ryan_Garcia@vazquez-wells.com,19930815,26856535,Ryan,Garcia,True,Garcia_a540e
553,Megan_Anderson@wilson-murillo.com,19700729,21736903,Megan,Anderson,True,Anderson_a86c0
554,Pamela_Hughes@charles-costa.com,19870613,40181295,Pamela,Hughes,True,Hughes_5403f
555,Tiffany_Scott@davis.com,19861110,76272207,Tiffany,Scott,True,Scott_af31d
556,Stanley_Conway@adams.com,19850905,71853567,Stanley,Conway,True,Conway_b17c3
557,Yolanda_Petty@dunlap-brown.com,19910125,69674519,Yolanda,Petty,True,Petty_89b4f
558,Tara_Jones@blankenship.net,19850303,49275455,Tara,Jones,True,Jones_7290c
559,George_Williams@patton.com,19810319,69991287,George,Williams,True,Williams_c20d3
560,Lori_Allen@valdez-phillips.com,20020916,28175727,Lori,Allen,True,Allen_8c000
561,Charles_Kelly@dalton.com,19690401,62777351,Charles,Kelly,True,Kelly_0c61d
562,Jonathan_Villa@suarez.com,19751203,80471287,Jonathan,Villa,True,Villa_19bdd
563,Cindy_Jackson@garcia-burch.com,19670727,60954247,Cindy,Jackson,True,Jackson_40b1b
564,Scott_Williams@keller-wong.com,19800308,85799255,Scott,Williams,True,Williams_10ae3
565,Dylan_Hernandez@singleton-johnson.com,19950301,31405951,Dylan,Hernandez,True,Hernandez_04544
566,Michelle_Garcia@lynch.com,19801017,52895823,Michelle,Garcia,True,Garcia_6967c
567,Matthew_Bailey@benjamin.com,19870728,39436023,Matthew,Bailey,True,Bailey_255ab
568,Curtis_Flynn@cook-drake.com,19780926,58787463,Curtis,Flynn,True,Flynn_066c3
569,Thomas_Perez@greene-lopez.com,19630220,96377439,Thomas,Perez,True,Perez_7a5c3
570,Sheri_Kline@hinton.com,19940609,33546343,Sheri,Kline,True,Kline_e724e
571,Jeff_Baker@bentley.com,19670424,57871767,Jeff,Baker,True,Baker_4cd37
572,Shannon_Thomas@dawson-alexander.com,19680903,18892279,Shannon,Thomas,True,Thomas_2a3b9
573,Jeffrey_Murray@jones.net,19821221,27473887,Jeffrey,Murray,True,Murray_8d3f7
574,Kristin_Wagner@clayton.com,19970129,66045343,Kristin,Wagner,True,Wagner_83f4e
575,Nicole_Shea@mcclure.com,19560102,28795599,Nicole,Shea,True,Shea_abeb3
